CODE,School,Town,County
,Abby Kelley Foster Charter Public School,Worcester,Worcester County
,Abington High School,Abington,Plymouth County
,Academy at Charlemont,Charlemont,Franklin County
ACAD,Academy of Notre Dame,Tyngsborough,Middlesex County
,Academy of the Pacific Rim Charter Public School,Hyde Park,Suffolk County
ACTO,Acton-Boxborough Regional High School,Acton,Middlesex County
AMSA,Advanced Math and Science Academy Charter School,Marlborough,Middlesex County
AGAW,Agawam High School,Agawam,Hampden County
,Al Noor Academy,Mansfield,Bristol County
ARHS,Algonquin Regional High School,Northborough,Worcester County
,Amesbury High School,Amesbury,Essex County
,Amesbury Innovation High School,Amesbury,Essex County
AMHE,Amherst Regional High School,Amherst,Hampshire County
ANDO,Andover High School,Andover,Essex County
APQT,Apponequet Regional High School,Lakeville,Plymouth County
ARCH,Archbishop Williams High School,Braintree,Norfolk County
,Arlington Catholic High School,Arlington,Middlesex County
ARLI,Arlington High School,Arlington,Middlesex County
ASHL,Ashland High School,Ashland,Middlesex County
,Assabet Valley Regional Technical High School,Marlborough,Middlesex County
,Athol High School,Athol,Worcester County
,Attleboro Community Academy,Attleboro,Bristol County
ATTL,Attleboro High School,Attleboro,Bristol County
,Auburn High School,Auburn,Worcester County
,Austin Preparatory School,Reading,Middlesex County
,Ayer Shirley Regional High School,Ayer,Middlesex County
DURF,B.M.C. Durfee High School,Fall River,Bristol County
,Bancroft School,Worcester,Worcester County
BARN,Barnstable High School,Hyannis,Barnstable County
,Bartlett High School,Webster,Worcester County
,Bay Path Regional Vocational Technical High School,Charlton,Worcester County
BEDF,Bedford High School,Bedford,Middlesex County
BELC,Belchertown High School,Belchertown,Hampshire County
,Bellingham High School,Bellingham,Norfolk County
BELM,Belmont High School,Belmont,Middlesex County
,Belmont Hill School,Belmont,Middlesex County
,Berkshire Arts & Technology Charter Public School,Adams,Berkshire County
,Berkshire School,Sheffield,Berkshire County
BEVE,Beverly High School,Beverly,Essex County
BILL,Billerica Memorial High School,Billerica,Middlesex County
BCON,Bishop Connolly High School,Fall River,Bristol County
BFEE,Bishop Feehan High School,Attleboro,Bristol County
,Bishop Fenwick High School,Peabody,Essex County
BSTA,Bishop Stang High School,North Dartmouth,Bristol County
,Blackstone Valley Regional Vocational Technical High School,Upton,Worcester County
,Blackstone-Millville Regional High School,Blackstone,Worcester County
BLUE,Blue Hills Regional Technical School,Canton,Norfolk County
,Boston Arts Academy,Boston,Suffolk County
BOST,Boston College High School,Dorchester,Suffolk County
,Boston Community Leadership Academy,Boston,Suffolk County
,Boston Latin Academy,Roxbury,Suffolk County
BOSL,Boston Latin School,Boston,Suffolk County
RENA,Boston Renaissance Charter Public School,Boston,Suffolk County
,Boston University Academy,Boston,Suffolk County
,Bourne High School,Bourne,Barnstable County
BRAI,Braintree High School,Braintree,Norfolk County
BRID,Bridgewater-Raynham Regional High School,Bridgewater,Plymouth County
,Bristol County Agricultural High School,Dighton,Bristol County
,Bristol-Plymouth Regional Technical School,Taunton,Bristol County
,British School of Boston,Boston,Suffolk County
BROC,Brockton High School,Brockton,Plymouth County
BROO,Brookline High School,Brookline,Norfolk County
,Brooks School,North Andover,Essex County
,Buckingham Browne & Nichols,Cambridge,Middlesex County
WOBU,Burlington High School,Burlington,Middlesex County
,Burncoat High School,Worcester,Worcester County
,Buxton School,Williamstown,Berkshire County
MATI,Cambridge Matignon School,Cambridge,Middlesex County
CRLS,Cambridge Rindge and Latin School,Cambridge,Middlesex County
CANT,Canton High School,Canton,Norfolk County
,Cape Cod Academy,Osterville,Barnstable County
,Cape Cod Regional Technical High School,Harwich,Barnstable County
CARD,Cardinal Spellman High School,Brockton,Plymouth County
,Carver Middle High School,Carver,Plymouth County
,Cathedral High School,Boston,Suffolk County
CATH,Catholic Memorial High School,West Roxbury,Suffolk County
CENT,Central Catholic High School,Lawrence,Essex County
,Chapel Hill - Chauncy Hall School,Waltham,Middlesex County
,Charles H. McCann Technical High School,North Adams,Berkshire County
,Charlestown High School,Charlestown,Suffolk County
CHEL,Chelmsford High School,Chelmsford,Middlesex County
,Chelsea High School,Chelsea,Suffolk County
CHCO,Chicopee Comprehensive High School,Chicopee,Hampden County
CHIC,Chicopee High School,Chicopee,Hampden County
,Clinton High School,Clinton,Worcester County
HICO,Cohasset High School,Cohasset,Norfolk County
,Commonwealth School,Boston,Suffolk County
,Community Charter School of Cambridge,Cambridge,Middlesex County
,Concord Academy,Concord,Middlesex County
CCHS,Concord-Carlisle High School,Concord,Middlesex County
,Cristo Rey Boston High School,Cambridge,Middlesex County
,Cushing Academy,Ashburnham,Worcester County
,Dana Hall School,Wellesley,Norfolk County
DANV,Danvers High School,Danvers,Essex County
,Dartmouth High School,Dartmouth,Bristol County
,David Prouty High School,Spencer,Worcester County
DEDH,Dedham High School,Dedham,Norfolk County
,Deerfield Academy,Deerfield,Franklin County
,Dennis-Yarmouth Regional High School,South Yarmouth,Barnstable County
,Dexter Southfield School,Brookline,Norfolk County
,Dighton-Rehoboth Regional High School,Dighton,Bristol County
,Diman Regional Vocational Technical High School,Fall River,Bristol County
DOHE,Doherty Memorial High School,Worcester,Worcester County
,Douglas High School,Douglas,Worcester County
DOVE,Dover-Sherborn High School,Dover,Norfolk County
DRAC,Dracut High School,Dracut,Middlesex County
,Drury High School,North Adams,Berkshire County
DUXB,Duxbury High School,Duxbury,Plymouth County
,Eagle Hill School,Hardwick,Worcester County
EBOS,East Boston High School,Boston,Suffolk County
,East Bridgewater High School,East Bridgewater,Plymouth County
ELON,East Longmeadow High School,East Longmeadow,Hampden County
EAST,Easthampton High School,Easthampton,Hampshire County
,Edward M. Kennedy Academy for Health Careers,Boston,Suffolk County
,English High School of Boston,Boston,Suffolk County
,Essex North Shore Agricultural and Technical High School,Danvers,Essex County
,Everett High School,Everett,Middlesex County
,Fairhaven High School,Fairhaven,Bristol County
,Falmouth Academy,Falmouth,Barnstable County
,Falmouth High School,Falmouth,Barnstable County
,Fitchburg High School,Fitchburg,Worcester County
,Fontbonne Academy,Milton,Norfolk County
FOXB,Foxborough High School,Foxborough,Norfolk County
FRAM,Framingham High School,Framingham,Middlesex County
,Francis W. Parker Charter Essential School,Devens,Middlesex County
FRAN,Franklin High School,Franklin,Norfolk County
,Frontier Regional High School,Deerfield,Franklin County
,Gann Academy,Waltham,Middlesex County
GARD,Gardner High School,Gardner,Worcester County
,Gateway Regional High School,Huntington,Hampshire County
,Georgetown High School,Georgetown,Essex County
,Gifford School,Weston,Middlesex County
GLOU,Gloucester High School,Gloucester,Essex County
GRAF,Grafton High School,Grafton,Worcester County
GRLA,Greater Lawrence Technical School,Andover,Essex County
GRLT,Greater Lowell Technical High School,Tyngsborough,Middlesex County
,Greater New Bedford Regional Vocational-Technical High School,New Bedford,Bristol County
,Greenfield High School,Greenfield,Franklin County
,Groton School,Groton,Middlesex County
TGDC,Groton-Dunstable Regional High School,Groton,Middlesex County
HAWE,Hamilton-Wenham Regional High School,Hamilton,Essex County
HAMD,Hampden Charter School of Science,Chicopee,Hampden County
,Hampshire Regional High School,Westhampton,Hampshire County
MAHA,Hanover High School,Hanover,Plymouth County
HAVE,Haverhill High School,Haverhill,Essex County
,Heritage Academy of Amesbury,Amesbury,Essex County
HICO,Hingham High School,Hingham,Plymouth County
HOLL,Holliston High School,Holliston,Middlesex County
HOLY,Holyoke High School,Holyoke,Hampden County
,Hoosac Valley High School,Cheshire,Berkshire County
,Hopedale Junior Senior High School,Hopedale,Worcester County
HOPA,Hopkins Academy,Hadley,Hampshire County
HOPK,Hopkinton High School,Hopkinton,Middlesex County
,Horace Mann School for the Deaf and Hard of Hearing,Allston,Suffolk County
,Hudson High School,Hudson,Middlesex County
,Hull High School,Hull,Plymouth County
,Innovation Academy Charter School,Tyngsborough,Middlesex County
,International School of Boston,Cambridge,Middlesex County
IPSW,Ipswich High School,Ipswich,Essex County
OBRY,John D. O'Bryant School of Mathematics & Science,Roxbury,Suffolk County
,Joseph Case High School,Swansea,Bristol County
KING,King Philip Regional High School,Wrentham,Norfolk County
,Lawrence Academy at Groton,Groton,Middlesex County
,Lawrence High School,Lawrence,Essex County
,Lee Middle and High school,Lee,Berkshire County
,Leicester High School,Leicester,Worcester County
,Lenox Memorial High School,Lenox,Berkshire County
,Leominster High School,Leominster,Worcester County
,Lexington Christian Academy,Lexington,Middlesex County
LEXI,Lexington High School,Lexington,Middlesex County
LINC,Lincoln-Sudbury Regional High School,Sudbury,Middlesex County
,Littleton High School,Littleton,Middlesex County
LONG,Longmeadow High School,Longmeadow,Hampden County
LCAT,Lowell Catholic High School,Lowell,Middlesex County
LOWE,Lowell High School,Lowell,Middlesex County
LUDL,Ludlow High School,Ludlow,Hampden County
,Lunenburg High School,Lunenburg,Worcester County
LYNC,Lynn Classical High School,Lynn,Essex County
LYNE,Lynn English High School,Lynn,Essex County
LYNV,Lynn Vocational and Technical Institute,Lynn,Essex County
LYNF,Lynnfield High School,Lynnfield,Essex County
,MacDuffie School,Granby,Hampshire County
,Madison Park Technical Vocational High School,Roxbury,Suffolk County
,Maimonides School,Brookline,Norfolk County
MCAT,Malden Catholic High School,Malden,Middlesex County
MALD,Malden High School,Malden,Middlesex County
MAES,Manchester-Essex Regional Junior-Senior High School,Manchester-by-the-Sea,Essex County
MANS,Mansfield High School,Mansfield,Bristol County
MARB,Marblehead High School,Marblehead,Essex County
,Marlborough High School,Marlborough,Middlesex County
MAHA,Marshfield High School,Marshfield,Plymouth County
MVRH,Martha's Vineyard Regional High School,Oak Bluffs,Dukes County
MASC,Masconomet Regional High School,Boxford,Essex County
,Mashpee Middle-High School,Mashpee,Barnstable County
,Massachusetts Academy of Math and Science at WPI,Worcester,Worcester County
,Maynard High School,Maynard,Middlesex County
MEDF,Medfield High School,Medfield,Norfolk County
MEDR,Medford High School,Medford,Middlesex County
,Medway High School,Medway,Norfolk County
MEST,Melrose High School,Melrose,Middlesex County
METE,Methuen High School,Methuen,Essex County
MIDD,Middleborough High School,Middleborough,Plymouth County
,Middlesex School,Concord,Middlesex County
MILF,Milford High School,Milford,Worcester County
,Millbury Junior/Senior High School,Millbury,Worcester County
,Millis High School,Millis,Norfolk County
,Milton Academy,Milton,Norfolk County
MILT,Milton High School,Milton,Norfolk County
MINN,Minnechaug Regional High School,Wilbraham,Hampden County
MINU,Minuteman Regional High School,Lexington,Middlesex County
,Miss Hall's School,Pittsfield,Berkshire County
,Mohawk Trail Regional High School,Buckland,Franklin County
,Monomoy Regional High School,Harwich,Barnstable County
MONS,Monson High School,Monson,Hampden County
,Montachusett Regional Vocational Technical School,Fitchburg,Worcester County
MONU,Monument Mountain Regional High School,Great Barrington,Berkshire County
,Mount Everett Regional School,Sheffield,Berkshire County
,Mount Greylock Regional High School,Williamstown,Berkshire County
,Mount Saint Joseph Academy,Brighton,Suffolk County
,Murdock Middle/High School,Winchendon,Worcester County
MYST,Mystic Valley Regional Charter School,Malden,Middlesex County
NANT,Nantucket High School,Nantucket,Nantucket County
,Narragansett Regional High School,Templeton,Worcester County
NASH,Nashoba Regional High School,Bolton,Worcester County
,Nashoba Valley Technical High School,Westford,Middlesex County
NATI,Natick High School,Natick,Middlesex County
NAUS,Nauset Regional High School,Eastham,Barnstable County
NEED,Needham High School,Needham,Norfolk County
NEWB,New Bedford High School,New Bedford,Bristol County
,Newburyport High School,Newburyport,Essex County
,Newton Country Day School,Newton,Middlesex County
NEWT,Newton North High School,Newton,Middlesex County
NEWS,Newton South High School,Newton,Middlesex County
,Nipmuc Regional High School,Upton,Worcester County
,Noble and Greenough School,Dedham,Norfolk County
,Norfolk County Agricultural High School,Walpole,Norfolk County
NAND,North Andover High School,North Andover,Essex County
NATT,North Attleborough High School,North Attleborough,Bristol County
,North Brookfield High School,North Brookfield,Worcester County
,North High School,Worcester,Worcester County
,North Middlesex Regional High School,Townsend,Middlesex County
QUIN,North Quincy High School,Quincy,Norfolk County
NRWI,North Reading High School,North Reading,Middlesex County
NAMP,Northampton High School,Northampton,Hampshire County
,Northbridge High School,Northbridge,Worcester County
NEMT,Northeast Metro Tech,Wakefield,Middlesex County
,Northfield Mount Hermon School,Northfield,Franklin County
,Northshore Academy,Beverly,Essex County
NORT,Norton High School,Norton,Bristol County
NORL,Norwell High School,Norwell,Plymouth County
NORW,Norwood High School,Norwood,Norfolk County
NOTE,Notre Dame Academy - Hingham,Hingham,Plymouth County
,Notre Dame Academy - Worcester,Worcester,Worcester County
,Notre Dame Cristo Rey High School,Methuen,Essex County
,Notre Dame Preparatory School,Fitchburg,Worcester County
,Oakmont Regional High School,Ashburnham,Worcester County
,Old Colony Regional Vocational Technical High School,Rochester,Plymouth County
OLDR,Old Rochester Regional High School,Mattapoisett,Plymouth County
OLIV,Oliver Ames High School,Easton,Bristol County
,Oxford High School,Oxford,Worcester County
PALM,Palmer High School,Palmer,Hampden County
PEAB,Peabody Veterans Memorial High School,Peabody,Essex County
PEMB,Pembroke High School,Pembroke,Plymouth County
,Pentucket Regional High School,West Newbury,Essex County
,Phillips Academy,Andover,Essex County
,Pingree School,Hamilton,Essex County
,Pioneer Valley Christian School,Springfield,Hampden County
,Pioneer Valley Performing Arts Charter Public School,South Hadley,Hampshire County
,Pioneer Valley Regional School,Northfield,Franklin County
PITT,Pittsfield High School,Pittsfield,Berkshire County
PLYM,Plymouth North High School,Plymouth,Plymouth County
PLYM,Plymouth South High School,Plymouth,Plymouth County
,Pope Francis Preparatory School,Springfield,Hampden County
,Prospect Hill Academy,Somerville,Middlesex County
,Quabbin Regional High School,Barre,Worcester County
,Quaboag Regional Middle High School,Warren,Worcester County
QUIN,Quincy High School,Quincy,Norfolk County
,Ralph C. Mahar Regional High School,Orange,Franklin County
RAND,Randolph High School,Randolph,Norfolk County
READ,Reading Memorial High School,Reading,Middlesex County
,Revere High School,Revere,Suffolk County
ROCK,Rockland Senior High School,Rockland,Plymouth County
,Rockport High School,Rockport,Essex County
,Roger L Putnam Vocational-Technical High School,Springfield,Hampden County
,Roxbury Latin School,West Roxbury,Suffolk County
,Saint Clement High School,Medford,Middlesex County
,Saint Mary High School,Westfield,Hampden County
,Saint Sebastian's School,Needham,Norfolk County
SALE,Salem High School,Salem,Essex County
SAND,Sandwich High School,East Sandwich,Barnstable County
,Saugus High School,Saugus,Essex County
SCIT,Scituate High School,Scituate,Plymouth County
SEEK,Seekonk High School,Seekonk,Bristol County
SHAR,Sharon High School,Sharon,Norfolk County
SHAW,Shawsheen Valley Technical High School,Billerica,Middlesex County
,Shepherd Hill Regional High School,Dudley,Worcester County
SHRE,Shrewsbury High School,Shrewsbury,Worcester County
SLWH,Silver Lake Regional High School,Kingston,Plymouth County
,Sizer School,Fitchburg,Worcester County
,Smith Academy,Hatfield,Hampshire County
,Smith Vocational and Agricultural High School,Northampton,Hampshire County
,Snowden International School,Boston,Suffolk County
,Somerset Berkley Regional High School,Somerset,Bristol County
SOME,Somerville High School,Somerville,Middlesex County
,South Hadley High School,South Hadley,Hampshire County
,South High Community School,Worcester,Worcester County
,South Lancaster Academy,Lancaster,Worcester County
,South Shore Vocational Technical High School,Hanover,Plymouth County
,Southbridge High School,Southbridge,Worcester County
,Southeastern Regional Vocational Technical High School,Easton,Bristol County
,Southwick-Tolland Regional High School,Southwick,Hampden County
SPRI,Springfield Central High School,Springfield,Hampden County
,Springfield High School of Science and Technology,Springfield,Hampden County
SICS,Springfield International Charter School,Springfield,Hampden County
,St. Bernard's Central Catholic High School,Fitchburg,Worcester County
STJP,St. John Paul II High School,Hyannis,Barnstable County
SAIN,St. John's High School,Shrewsbury,Worcester County
PREP,St. John's Preparatory School,Danvers,Essex County
,St. Mark's School,Southborough,Worcester County
STMA,St. Mary's High School,Lynn,Essex County
,St. Paul Diocesan Junior-Senior High School,Worcester,Worcester County
,Stetson School,Barre,Worcester County
MEST,Stoneham High School,Stoneham,Middlesex County
,Stoneleigh-Burnham School,Greenfield,Franklin County
STOU,Stoughton High School,Stoughton,Norfolk County
,Sturgis Charter Public School,Hyannis,Barnstable County
,Sudbury Valley School,Framingham,Middlesex County
,Sutton High School,Sutton,Worcester County
SWAM,Swampscott High School,Swampscott,Essex County
,Tabor Academy,Marion,Plymouth County
TACO,Taconic High School,Pittsfield,Berkshire County
,Tahanto Regional High School,Boylston,Worcester County
TANT,Tantasqua Regional High School,Sturbridge,Worcester County
TAUN,Taunton High School,Taunton,Bristol County
,TechBoston Academy,Brighton,Suffolk County
METE,Tewksbury Memorial High School,Tewksbury,Middlesex County
,The Arlington School,Belmont,Middlesex County
BROM,The Bromfield School,Harvard,Worcester County
,The Cambridge School of Weston,Weston,Middlesex County
,The Carroll School,Lincoln,Middlesex County
,The Governor's Academy,Newbury,Essex County
,The Learning Center for the Deaf - Framingham,Framingham,Middlesex County
,The Learning Center for the Deaf - Randolph,Randolph,Norfolk County
,The Newman School,Boston,Suffolk County
,The Rivers School,Weston,Middlesex County
,The Waring School,Beverly,Essex County
,The Winchendon School,Winchendon,Worcester County
,Tri-County Regional Vocational Technical High School,Franklin,Norfolk County
,Trinity Christian Academy of Cape Cod,Barnstable,Barnstable County
TRIT,Triton Regional High School,Newbury,Essex County
,Trivium School,Lancaster,Worcester County
TURN,Turners Falls High School,Montague,Franklin County
TGDC,Tyngsborough High School,Tyngsborough,Middlesex County
,University Park Campus School,Worcester,Worcester County
,Upper Cape Cod Regional Technical School,Bourne,Barnstable County
URSU,Ursuline Academy,Dedham,Norfolk County
,Uxbridge High School,Uxbridge,Worcester County
WACH,Wachusett Regional High School,Holden,Worcester County
WAHC,Wahconah Regional High School,Dalton,Berkshire County
WAKE,Wakefield Memorial High School,Wakefield,Middlesex County
,Walnut Hill School,Natick,Middlesex County
WALP,Walpole High School,Walpole,Norfolk County
WALT,Waltham High School,Waltham,Middlesex County
,Ware Junior Senior High School,Ware,Hampshire County
,Wareham High School,Wareham,Plymouth County
,Watertown High School,Watertown,Middlesex County
WAYL,Wayland High School,Wayland,Middlesex County
WELL,Wellesley High School,Wellesley,Norfolk County
,West Boylston Middle/High School,West Boylston,Worcester County
,West Bridgewater Middle-Senior High School,West Bridgewater,Plymouth County
WSHS,West Springfield High School,West Springfield,Hampden County
WEST,Westborough High School,Westborough,Worcester County
WFIE,Westfield High School,Westfield,Hampden County
,Westfield Vocational Technical High School,Westfield,Hampden County
WACA,Westford Academy,Westford,Middlesex County
WSTN,Weston High School,Weston,Middlesex County
,Westport High School,Westport,Bristol County
WWOO,Westwood High School,Westwood,Norfolk County
WEYM,Weymouth High School,Weymouth,Norfolk County
,Whitinsville Christian School,Northbridge,Worcester County
SLWH,Whitman-Hanson Regional High School,Whitman,Plymouth County
,Whittier Regional Vocational Technical High School,Haverhill,Essex County
,Wilbraham & Monson Academy,Wilbraham,Hampden County
,Williston Northampton School,Easthampton,Hampshire County
NRWI,Wilmington High School,Wilmington,Middlesex County
WINC,Winchester High School,Winchester,Middlesex County
,Winthrop High School,Winthrop,Suffolk County
WOBU,Woburn Memorial High School,Woburn,Middlesex County
,Worcester Academy,Worcester,Worcester County
WORC,Worcester Public Schools,Worcester,Worcester County
,Worcester Technical High School,Worcester,Worcester County
XAVE,Xaverian Brothers High School,Westwood,Norfolk County
